{"absolute_max": 5.177615165710449, "absolute_min": -11.479151725769043}